﻿CODIGO;NOME;LATITUDE;LONGITUDE
1943000;MINERAÇÃO MORRO VELHO;-19.9792;-43.85
1943004;JABOTICATUBAS;-19.5206;-43.7444
1943006;SABARÁ;-19.8931;-43.815
1943009;VESPASIANO;-19.6872;-43.9208
1943010;CAETÉ;-19.9028;-43.6664
1943023;TAQUARAÇU;-19.6639;-43.6881
1943024;JOSÉ DE MELO;-19.68972222;-43.58555556
1943042;FAZENDA CARAIBAS;-19.1197;-43.8375
1943049;PONTE RAUL SOARES;-19.5614;-43.9178
1943055;BELO HORIZONTE (HORTO);-19.9;-43.9167
1944004;PONTE NOVA DO PARAOPEBA;-19.9489;-44.4722
1944007;FAZENDA ESCOLA FLORESTAL;-19.8797;-44.4217
1944009;PEDRO LEOPOLDO;-19.6344;-44.0533
1944026;BARRO PRETO;-19.9642;-44.4519
1944027;JUATUBA;-19.9556;-44.3344
1944055;BETIM - COPASA;-19.9733;-44.1881
1944062;FAZENDA SANTA RITA;-19.9828;-44.4922
2043002;LAGOA GRANDE (MMV);-20.1792;-43.9428
2043004;RIO DO PEIXE (MMV);-20.1378;-43.8925
2043042;REPRESA DAS CODORNAS (MMV);-20.1647;-43.8919
2043043;REPRESA DO MIGUELÃO (MMV);-20.1261;-43.9503
2044008;MELO FRANCO;-20.1978;-44.1208
2044012;IBIRITÉ;-20.0428;-44.0433
2044016;FAZENDA BENEDITO CHAVES;-20.1692;-44.515
2044019;FAZENDA VISTA ALEGRE;-20.0514;-44.4517
2044020;CALAMBAU;-20.06833333;-44.49222222
2044021;ALTO DA BOA VISTA;-20.1056;-44.4011
2044024;FAZENDA CURRALINHO;-20.0075;-44.3311
2044043;ESTIVA;-20.0003;-44.4617
2044052;JARDIM;-20.045;-44.4078
2044053;ESCOLA DE VETERINÁRIA;-20.0686;-44.345
2044054;SERRA AZUL;-20.0867;-44.4272
