﻿CODIGO;NOME;LONGITUDE;LATITUDE
1943000;MINERAÇÃO MORRO VELHO;-43.85;-19.9792
1943004;JABOTICATUBAS;-43.7444;-19.5206
1943006;SABARÁ;-43.815;-19.8931
1943009;VESPASIANO;-43.9208;-19.6872
1943010;CAETÉ;-43.6664;-19.9028
1943023;TAQUARAÇU;-43.6881;-19.6639
1943024;JOSÉ DE MELO;-43.58555556;-19.68972222
1943042;FAZENDA CARAIBAS;-43.8375;-19.1197
1943049;PONTE RAUL SOARES;-43.9178;-19.5614
1943055;BELO HORIZONTE (HORTO);-43.9167;-19.9
1944004;PONTE NOVA DO PARAOPEBA;-44.4722;-19.9489
1944007;FAZENDA ESCOLA FLORESTAL;-44.4217;-19.8797
1944009;PEDRO LEOPOLDO;-44.0533;-19.6344
1944026;BARRO PRETO;-44.4519;-19.9642
1944027;JUATUBA;-44.3344;-19.9556
1944055;BETIM - COPASA;-44.1881;-19.9733
1944062;FAZENDA SANTA RITA;-44.4922;-19.9828
2043002;LAGOA GRANDE (MMV);-43.9428;-20.1792
2043004;RIO DO PEIXE (MMV);-43.8925;-20.1378
2043042;REPRESA DAS CODORNAS (MMV);-43.8919;-20.1647
2043043;REPRESA DO MIGUELÃO (MMV);-43.9503;-20.1261
2043057;PCH CODORNA BARRAMENTO;-43.8928;-20.1656
2044008;MELO FRANCO;-44.1208;-20.1978
2044012;IBIRITÉ;-44.0433;-20.0428
2044016;FAZENDA BENEDITO CHAVES;-44.515;-20.1692
2044019;FAZENDA VISTA ALEGRE;-44.4517;-20.0514
2044020;CALAMBAU;-44.49222222;-20.06833333
2044021;ALTO DA BOA VISTA;-44.4011;-20.1056
2044024;FAZENDA CURRALINHO;-44.3311;-20.0075
2044043;ESTIVA;-44.4617;-20.0003
2044052;JARDIM;-44.4078;-20.045
2044053;ESCOLA DE VETERINÁRIA;-44.345;-20.0686
2044054;SERRA AZUL;-44.4272;-20.0867
